Score,0,1,2
MSE,0.12020213573194544,0.14076083642530757,0.12329958259874152
NLL,0.9801803788728343,1.021213695789375,1.007921979977015
