Score,0,1,2
MSE,0.36825715473243376,0.37523148076483187,0.37616110042435963
NLL,2.308276006056178,2.327561875276887,2.320913573638265
