Score,0,1,2
MSE,0.11410936290044632,0.12728888547053638,0.12326980357518136
NLL,0.8686115518281716,0.8737828025413239,0.8685684577328123
