Score,0,1,2
MSE,0.0912564123688914,0.10383625837907796,0.09399496142447866
NLL,0.8313400121615938,0.8829728713548884,0.7843619529432099
