Score,0,1,2
MSE,0.05993711118997936,0.06517973620467053,0.06857697415135268
NLL,0.7077414556458013,0.7124366429314274,0.7428026549547766
