Score,0,1,2
MSE,0.31921317439992064,0.349145748410752,0.33223419737470566
NLL,1.724149778461696,1.7714448761668349,1.72788719577464
