Score,0,1,2
MSE,0.1886972531312232,0.19495372847679374,0.19918748174329615
NLL,1.1271384018654445,1.1376000224153267,1.114762471770318
