Score,0,1,2
MSE,0.12000212308757217,0.13126669743678218,0.12624344319862152
NLL,1.0777445521877875,1.1122755471649965,1.0902017992618895
