Score,0,1,2
MSE,0.29484981340014943,0.3197531571788921,0.32122759584030214
NLL,1.5899197591662444,1.5910307354303113,1.5997423328976994
