Score,0,1,2
MSE,0.17809515905899279,0.18783351395570025,0.17236428443205015
NLL,1.087936705980765,1.1194215171869746,1.111018548685415
