Score,0,1,2
MSE,0.18440113338946296,0.20334130107332404,0.16795795942994457
NLL,1.0162550764275917,0.9934164861527945,0.946889549599064
