Score,0,1,2
MSE,0.11862498941051917,0.1424284513294709,0.11824095679615657
NLL,1.1518704161786253,1.1873328019858538,1.1422889753628043
