Score,0,1,2
MSE,0.11633664802678212,0.14706118666078402,0.12220133046003975
NLL,0.8899964530087766,0.9936353184689324,0.8933973152504908
