Score,0,1,2
MSE,0.15826902967180956,0.17916721460461524,0.15398495152367564
NLL,1.0365957993770372,1.078306884752636,1.0400928415911603
