Score,0,1,2
MSE,0.10395091237579039,0.14707334848509357,0.12148272488713725
NLL,0.9778746319168649,1.0461270968379965,1.034426065571745
