Score,0,1,2
MSE,0.09602070522738902,0.12742328273511697,0.09881668200035165
NLL,0.8516312238296039,0.9122826543924104,0.8754314047936771
