Score,0,1,2
MSE,0.12092645762136137,0.13159951723192054,0.13213809895975628
NLL,1.028760955377483,0.9889730156297761,0.9808076739251647
