Score,0,1,2
MSE,0.07951416198879571,0.08601201874967251,0.0681937627761218
NLL,0.7598803865065209,0.7487542844901552,0.7493335363818715
