NLL.Sum,NLL.Mean
16459.880962569077,0.8778603180036838
