Score,0,1,2
MSE,0.17432361727173024,0.17381772384829802,0.16863862452143247
NLL,1.1513479922001837,1.1382906418577918,1.127953286728034
