Score,0,1,2
MSE,0.09791304980042746,0.10186013752173706,0.09304746108667805
NLL,0.7073855730502586,0.7152636647748198,0.6856265065426077
