Score,0,1,2
MSE,0.047002252461679245,0.06767624535264431,0.04941071724515963
NLL,0.6608921662994189,0.7503469362685353,0.6955634673493581
