Score,0,1,2
MSE,0.026978271584899537,0.04394977590484495,0.016880132975597907
NLL,0.6034803253518457,0.6556810560270895,0.5500728424399387
