NLL.Sum,NLL.Mean
3326.540832916842,1.877007524686754
