Score,0,1,2
MSE,0.14993578536291532,0.15842898237135986,0.14653354108545122
NLL,1.0529914209920384,1.0699431918507953,1.0399218148090748
