Score,0,1,2
MSE,0.16612839075847982,0.18321444641545043,0.1630497297818943
NLL,1.0709074204147586,1.1353843136940087,1.0863221233597058
