Score,0,1,2
MSE,0.170901169061057,0.21520004232909695,0.19079547710060243
NLL,1.270396761807561,1.2844071623725526,1.2693045283238371
