Score,0,1,2
MSE,0.13490595492225618,0.14980196387200115,0.13842239256332206
NLL,1.0213937856109598,1.0072065672646902,0.9820651296575126
