Score,0,1,2
MSE,0.1265237516685645,0.12417924474424129,0.09752315235376628
NLL,0.8650241339944751,0.884440300551927,0.8557352534284752
