Score,0,1,2
MSE,0.18719127422142334,0.20256094889972118,0.17212776783879513
NLL,1.1009012799299451,1.0954348092797226,1.110722044118145
