Score,0,1,2
MSE,0.10527305455585309,0.09873344945027214,0.09430286613462026
NLL,0.8884635217200628,0.8663245134096299,0.8573276277314316
