Score,0,1,2
MSE,0.08014544030412289,0.09357154097132657,0.0901731682989661
NLL,0.8447398715386629,0.88561081926299,0.860501197033805
