Score,0,1,2
MSE,0.15943438992244088,0.17086646237046996,0.1546241938445761
NLL,1.0140321182904264,1.0733959885834679,1.0185049629281913
