Score,0,1,2
MSE,0.0885693448399344,0.10362286206342824,0.10202635653884376
NLL,0.8037138253219415,0.893998230150291,0.8483895748093296
