Score,0,1,2
MSE,0.05054802855739812,0.06822072269342451,0.04838151827120195
NLL,0.7151734904154743,0.7749693489956273,0.7136568452301572
