NLL.Sum,NLL.Mean
1830.7028185743927,1.196967779163748
