Score,0,1,2
MSE,0.16718099908065162,0.18476366702959104,0.16856185032066284
NLL,0.9152963423207281,0.956669247730048,0.9060046506692015
