Score,0,1,2
MSE,0.06939808185949031,0.08447547646806813,0.0815070124891607
NLL,0.7399184445801404,0.7160524819245556,0.7216650615520731
