Score,0,1,2
MSE,0.07181170528882926,0.08923119830120228,0.07121627106416681
NLL,0.7599734763307155,0.7706460649002115,0.7221314424846557
