Score,0,1,2
MSE,0.06816449163518314,0.07074378001795636,0.06380688092803387
NLL,0.7269714758416777,0.7200719338698155,0.6999474074839395
