Score,0,1,2
MSE,0.04402144973860051,0.06690790780148358,0.05109603706136103
NLL,0.7002186937073778,0.7127165836021632,0.6776990024155541
