Score,0,1,2
MSE,0.055419572661246454,0.05567983363070802,0.05885138924406358
NLL,0.6734560483565131,0.6619278675684411,0.680305710173788
