Score,0,1,2
MSE,0.032584353492216354,0.039202992767086456,0.029729816733338327
NLL,0.6437176527963601,0.6810235636794727,0.6259725449762166
