Score,0,1,2
MSE,0.031939775962482146,0.052489341102551566,0.03555756286753365
NLL,0.6558676302105224,0.760439926774323,0.6809050729922067
