Score,0,1,2
MSE,0.051783252921312514,0.08034683755153059,0.05597464587503436
NLL,0.7700529783365159,0.8391117634811155,0.7784187764979703
