Score,0,1,2
MSE,0.09163385624681311,0.0955169651984908,0.08122479185005949
NLL,0.9238957955229599,0.9224060908361302,0.8910724074662194
