Score,0,1,2
MSE,0.10036994365765504,0.10985306353331203,0.09757870739148644
NLL,0.8607442184343819,0.8974882820135912,0.8672207318813804
