Score,0,1,2
MSE,0.15535046778505895,0.16388709054818723,0.15065990879242178
NLL,1.1672922244182182,1.2084262361361682,1.1820258070552403
