Score,0,1,2
MSE,0.09605640195447189,0.1046372796321791,0.08868462762427737
NLL,0.8117283539198746,0.8288551233778797,0.8027835965275177
