Score,0,1,2
MSE,0.16526682431693113,0.13369718082277315,0.17103022997829578
NLL,1.0305600091019316,0.9775714703739576,1.0217106562124498
