Score,0,1,2
MSE,0.1925905777409851,0.19997292119290053,0.1963928334274507
NLL,0.9908478121293182,0.9877662250947302,1.0320440271526155
