Score,0,1,2
MSE,0.2028016528770221,0.2248568202143395,0.22005485821936616
NLL,1.163670850828786,1.2076912537807303,1.2337397182079997
