Score,0,1,2
MSE,0.1599969573937523,0.16517106165005488,0.1577580624942735
NLL,1.069560613623762,1.0457704846201656,1.058813128616371
