Score,0,1,2
MSE,0.09251909465715222,0.09717196781836974,0.09083916282431845
NLL,0.7769347643183134,0.8223649349838107,0.7856294266635598
