Score,0,1,2
MSE,0.061959076634067065,0.08425200243462078,0.0559629708856158
NLL,0.7080261806707785,0.7766167973526302,0.7138748638959688
