Score,0,1,2
MSE,0.08220694927645156,0.08025701691077679,0.0706158735819767
NLL,0.8367545137112042,0.8241379631707442,0.8546038695711164
