Score,0,1,2
MSE,0.12940106515558733,0.13610327717728066,0.11717603268229489
NLL,0.9704816620296801,0.9660425890617402,0.975945662515756
