Score,0,1,2
MSE,0.09122525619687256,0.0733988286534108,0.07289301675522195
NLL,0.8277956898651824,0.7681199787362054,0.7549092302873075
