Score,0,1,2
MSE,0.17899062935288843,0.1998659344136958,0.18919930345997935
NLL,1.117956460225987,1.1937394266183334,1.150379707956801
