Score,0,1,2
MSE,0.12328867219160707,0.11743210037774308,0.14008610515502204
NLL,0.8907217249771132,0.8828588730369689,0.9271390275330111
