Score,0,1,2
MSE,0.11331025744929415,0.11189629782716151,0.09034233315233926
NLL,0.8712667439171656,0.885751021988436,0.7979410603558953
