Score,0,1,2
MSE,0.16278605635299012,0.1951107483650362,0.1628025934870806
NLL,1.1152918012118307,1.124084263724426,1.1381837458536814
