Score,0,1,2
MSE,0.0839399416970177,0.0931665402859534,0.09293812348900969
NLL,0.8154168545068478,0.8065710202946706,0.799189038668446
