Score,0,1,2
MSE,0.07421847304745778,0.08902008339287276,0.06646666888878275
NLL,0.7140015988032163,0.7555922663730172,0.698529767640056
