Score,0,1,2
MSE,0.14065281170116678,0.15049068460216147,0.12990713463765227
NLL,0.9473594630291906,1.0031383721314386,0.9437285632763849
