Score,0,1,2
MSE,0.08420968687030973,0.08855486660288954,0.07313117576188917
NLL,0.8209487229115342,0.7934782527915195,0.7988366282601854
