Score,0,1,2
MSE,0.07791572148696493,0.09326056794390784,0.08645270397858146
NLL,0.7071549772210798,0.749829885045362,0.6760032014762792
