Score,0,1,2
MSE,0.09113157259245813,0.10473445879356066,0.08307589605628674
NLL,0.8490490140575495,0.8276052529769155,0.7948015188253758
