Score,0,1,2
MSE,0.07959411635305111,0.09696546690283346,0.12390453985780911
NLL,0.7738883381349698,0.8849928249575018,0.8901670904324991
