Score,0,1,2
MSE,0.09331166148458044,0.09514311666881997,0.09139489291313775
NLL,0.8893291198164031,0.8751680159928112,0.9033196548468807
