Score,0,1,2
MSE,0.4573448608509533,0.4026163939800986,0.40176930385305637
NLL,2.188528329335792,2.191206217500888,2.194325971015384
