Score,0,1,2
MSE,0.3654725299865919,0.38973825490137726,0.35718338948483624
NLL,2.1960123282241164,2.1627707840851924,2.1568129724722933
