Score,0,1,2
MSE,0.25731567881686956,0.2950763365516266,0.2850267949789102
NLL,1.212261984279935,1.2744695270540896,1.2332720087718807
