Score,0,1,2
MSE,0.11348898579134517,0.08888337175451239,0.10880157570797626
NLL,0.8165995325319091,0.8040352306262426,0.8101349345561246
