Score,0,1,2
MSE,0.11317709661020445,0.12777510114946775,0.12651873728058183
NLL,1.018004444643037,1.052909858257541,1.0300495130133356
