Score,0,1,2
MSE,0.06707970982071351,0.08061773814570264,0.07101548139659464
NLL,0.704178243398712,0.7860722452729118,0.7298501561413068
