Score,0,1,2
MSE,0.23404459724768734,0.2639528279328824,0.22785318934384927
NLL,1.2512323169043504,1.2518032715688407,1.2705533276224612
