Score,0,1,2
MSE,0.07877551726147738,0.08868450418623816,0.06997310480884694
NLL,0.7387759439422098,0.7706014205105159,0.718671147516269
