Score,0,1,2
MSE,0.1367880263456443,0.15446811318977174,0.1272113467725854
NLL,0.9393017950259684,1.0048572073950084,0.8987225561380758
