Score,0,1,2
MSE,0.17706248281902215,0.15951421066658406,0.1567351860435369
NLL,1.0592410920246642,1.0362639315485997,1.042765009945113
