Score,0,1,2
MSE,0.18333457271969328,0.14176458667375097,0.14506756452160416
NLL,0.986588899122155,0.9693008618353853,0.9558663320353648
