Score,0,1,2
MSE,0.10592934681143577,0.1347781095127234,0.11511747510590581
NLL,0.8345907142822169,0.8917674456747386,0.8529295963360176
