Score,0,1,2
MSE,0.22773883910873352,0.24544953448526688,0.20739926345114212
NLL,1.5864846333799403,1.6392475465181955,1.595594994261853
