Score,0,1,2
MSE,0.11183660649813568,0.11037511557054569,0.11213909504778533
NLL,0.8890270167805253,0.880341357560863,0.8991425185638449
