Score,0,1,2
MSE,0.24682744713714488,0.2437886424554271,0.20773292627598286
NLL,1.209637553998659,1.2087365399537642,1.21897330799956
