Score,0,1,2
MSE,0.10327979322150277,0.12223325402478724,0.08604583835826572
NLL,0.8206877872237192,0.8575822174893083,0.7820371188599308
