Score,0,1,2
MSE,0.12348686413768656,0.12929387183916688,0.1237633993534279
NLL,0.9847332566198678,0.9842758269158018,0.9549107490806652
