Score,0,1,2
MSE,0.06871467860871076,0.06268446846543853,0.05995740500941378
NLL,0.7813421044665686,0.7693063077377785,0.7450262570033741
