Score,0,1,2
MSE,0.10081916826954272,0.13301788549517007,0.09029499293633518
NLL,0.8601438626339105,0.8790267598833217,0.8640857482694914
