Score,0,1,2
MSE,0.24007160460184934,0.2387627948332509,0.23963097912542575
NLL,1.4327416986394124,1.424360679848727,1.4172786257085503
