Score,0,1,2
MSE,0.06823767148005418,0.08797050132678418,0.05895422708586118
NLL,0.6824996493375951,0.740211508815598,0.6734822938821657
