Score,0,1,2
MSE,0.17806592703699686,0.170040242356513,0.18143462474206132
NLL,1.1648594040320064,1.1287970436942236,1.1274437260756012
