Score,0,1,2
MSE,0.12069793858095829,0.13119685687723462,0.13965826839587017
NLL,0.7997300636467806,0.8086373212752782,0.8496211180302973
