Score,0,1,2
MSE,0.15630408296554985,0.14409644685385314,0.1560477471397018
NLL,0.9550609489850914,0.9909342102810319,0.9786448972068941
