Score,0,1,2
MSE,0.09498182094091281,0.11205527559774202,0.09238201542896109
NLL,0.8803514343123721,0.9207077098013496,0.9208172437985741
