Score,0,1,2
MSE,0.033954494343656244,0.05712936574029012,0.03494776170961201
NLL,0.5695866397855538,0.6880451195778199,0.5927735749034948
