Score,0,1,2
MSE,0.11099594056283645,0.11789404991239066,0.09818187212220654
NLL,0.832541034747119,0.8646359704718871,0.828524638404269
