Score,0,1,2
MSE,0.20299389699121378,0.19162447149528308,0.20966421841420607
NLL,1.170362985993264,1.148535872403953,1.1869092858967172
