Score,0,1,2
MSE,0.03754946057026929,0.06325893539330031,0.046889697080011145
NLL,0.6786269138322745,0.7992666460205928,0.7030380590842978
