Score,0,1,2
MSE,0.12353787840095774,0.14407787861335922,0.12635893054558262
NLL,0.9714906622242271,1.0245345814899398,0.9803539992810681
