Score,0,1,2
MSE,0.14620258925305746,0.1773501529979186,0.15652270424068915
NLL,1.0144842798456692,1.007611473306293,0.9885142363700274
