Score,0,1,2
MSE,0.22303454826184865,0.2443529181855946,0.23600278128597188
NLL,1.26358703914791,1.270703015510805,1.2421315752588256
