Score,0,1,2
MSE,0.12441905410460469,0.13851087927353709,0.13651206445292283
NLL,0.9381893302821473,0.9904108788485858,0.9743737068420749
