Score,0,1,2
MSE,0.4524766319442172,0.4370962709116605,0.4530226141524918
NLL,2.2846320670877533,2.2232636074520324,2.263249021860131
