Score,0,1,2
MSE,0.12747005761463337,0.13108515317496758,0.13637862476833923
NLL,0.9804512554303443,0.9818979583068176,1.0077437189882834
