Score,0,1,2
MSE,0.08431281048245629,0.10538011399062663,0.08376464157176618
NLL,0.7863717572434342,0.8313816285776248,0.785277569148632
