Score,0,1,2
MSE,0.17437101010340417,0.17754788285064302,0.16009568801972793
NLL,1.0085193697832644,1.0028121632782443,0.9995604616604279
