Score,0,1,2
MSE,0.2221925456430415,0.1970217528901072,0.20574663273737992
NLL,1.192286217166212,1.1781904366962375,1.1594615227473155
