Score,0,1,2
MSE,0.11859682301280505,0.13708140461807494,0.0922998233477204
NLL,0.9120676346740773,0.9469357419785441,0.8696028304245234
