Score,0,1,2
MSE,0.07327402451600028,0.06869912982562555,0.06664866824248276
NLL,0.7467914793492745,0.7559871526385865,0.7393365963806664
