Score,0,1,2
MSE,0.0527851416118493,0.0634806626765468,0.05120034747914997
NLL,0.7606650737283853,0.7882913378402251,0.7454541482962657
