Score,0,1,2
MSE,0.10615979949336947,0.11070957866978196,0.10242918363263193
NLL,0.9541027074125202,0.9698657742983607,0.9375652093375512
