Score,0,1,2
MSE,0.21899036316061915,0.21634465027189564,0.2035208838745894
NLL,1.039114156372584,1.033833578434987,1.0082384221236325
