Score,0,1,2
MSE,0.21348287305580652,0.22335111044797448,0.21281176856211517
NLL,1.3417421851689948,1.3918129332390812,1.3619622150662338
