Score,0,1,2
MSE,0.07818559486675472,0.09507343643476614,0.09784351017196473
NLL,0.766681171368645,0.8124358474499696,0.7996380241660136
