Score,0,1,2
MSE,0.08641838057058226,0.09022969082691129,0.07967678676974768
NLL,0.7605238315231181,0.7620057634630819,0.7407894189451961
