Score,0,1,2
MSE,0.08688174668422106,0.10188463364692088,0.09163045733196358
NLL,0.7787251013761606,0.8390439047686521,0.8002508859508295
