Score,0,1,2
MSE,0.13819268221573358,0.13921607794456795,0.13202187503849633
NLL,0.9867348708877376,1.0008252018274384,0.9980035264803162
