Score,0,1,2
MSE,0.0684094552885378,0.08737830458143754,0.07705765635865156
NLL,0.7906478878612211,0.8505781264185734,0.8016301560238501
