Score,0,1,2
MSE,0.10366034587160498,0.11085535215499542,0.08635486121649395
NLL,0.7989550659646091,0.8374113463785239,0.8241427389896393
