Score,0,1,2
MSE,0.13835342443706533,0.15220403418972925,0.15190159279196475
NLL,0.965742431430074,0.9630128097760481,0.9440824582501136
