Score,0,1,2
MSE,0.06494850510085051,0.08422940975751712,0.06339037721419896
NLL,0.7413795894745463,0.7818887063192741,0.7277374475117767
