Score,0,1,2
MSE,0.12040715444122574,0.12435048828421263,0.10876863940513737
NLL,0.8281673051724932,0.8480858328263025,0.8231577013002319
