Score,0,1,2
MSE,0.13535388445621196,0.1544602178972223,0.13424223653807332
NLL,0.9600060203986853,0.9977377542203254,0.9270097456409137
