Score,0,1,2
MSE,0.07719993086379255,0.06020303374850133,0.06423604201307415
NLL,0.725797827907438,0.670738780591207,0.6936437380931506
