Score,0,1,2
MSE,0.03529883817225517,0.06070510371970786,0.03274948949887626
NLL,0.6749556385126925,0.7252617586321283,0.6333208501944174
