Score,0,1,2
MSE,0.061919595902690784,0.051865214059265564,0.04761459785824316
NLL,0.7105717225200401,0.6485920126652716,0.6915315549268538
