Score,0,1,2
MSE,0.28132398593668395,0.2528068271454582,0.2843908366655411
NLL,1.6742816537057426,1.6265987163029683,1.64106782194905
